{"cameraMode":{"drawMode":0,"name":"Shaded","section":"Shading Mode"},"sceneLighting":false,"audioPlay":false,"sceneViewState":{"m_AlwaysRefresh":false,"showFog":true,"showSkybox":false,"showFlares":true,"showImageEffects":true,"showParticleSystems":true,"showVisualEffectGraphs":true,"m_FxEnabled":true},"in2DMode":false,"pivot":{"x":0.09764371067285538,"y":-0.0366530567407608,"z":0.00021947920322418213},"rotation":{"x":-0.0004714564129244536,"y":-0.9965371489524841,"z":0.08330446481704712,"w":-0.005688422825187445},"size":0.3244601786136627,"orthographic":false}